[{"pk": 49, "model": "auth.permission", "fields": {"codename": "add_logentry", "name": "Can add log entry", "content_type": 17}}, {"pk": 50, "model": "auth.permission", "fields": {"codename": "change_logentry", "name": "Can change log entry", "content_type": 17}}, {"pk": 51, "model": "auth.permission", "fields": {"codename": "delete_logentry", "name": "Can delete log entry", "content_type": 17}}, {"pk": 31, "model": "auth.permission", "fields": {"codename": "add_group", "name": "Can add group", "content_type": 11}}, {"pk": 32, "model": "auth.permission", "fields": {"codename": "change_group", "name": "Can change group", "content_type": 11}}, {"pk": 33, "model": "auth.permission", "fields": {"codename": "delete_group", "name": "Can delete group", "content_type": 11}}, {"pk": 37, "model": "auth.permission", "fields": {"codename": "add_message", "name": "Can add message", "content_type": 13}}, {"pk": 38, "model": "auth.permission", "fields": {"codename": "change_message", "name": "Can change message", "content_type": 13}}, {"pk": 39, "model": "auth.permission", "fields": {"codename": "delete_message", "name": "Can delete message", "content_type": 13}}, {"pk": 28, "model": "auth.permission", "fields": {"codename": "add_permission", "name": "Can add permission", "content_type": 10}}, {"pk": 29, "model": "auth.permission", "fields": {"codename": "change_permission", "name": "Can change permission", "content_type": 10}}, {"pk": 30, "model": "auth.permission", "fields": {"codename": "delete_permission", "name": "Can delete permission", "content_type": 10}}, {"pk": 34, "model": "auth.permission", "fields": {"codename": "add_user", "name": "Can add user", "content_type": 12}}, {"pk": 35, "model": "auth.permission", "fields": {"codename": "change_user", "name": "Can change user", "content_type": 12}}, {"pk": 36, "model": "auth.permission", "fields": {"codename": "delete_user", "name": "Can delete user", "content_type": 12}}, {"pk": 98, "model": "auth.permission", "fields": {"codename": "add_feedback", "name": "Can add feedback", "content_type": 32}}, {"pk": 99, "model": "auth.permission", "fields": {"codename": "change_feedback", "name": "Can change feedback", "content_type": 32}}, {"pk": 100, "model": "auth.permission", "fields": {"codename": "delete_feedback", "name": "Can delete feedback", "content_type": 32}}, {"pk": 119, "model": "auth.permission", "fields": {"codename": "add_comment", "name": "Can add comment", "content_type": 39}}, {"pk": 122, "model": "auth.permission", "fields": {"codename": "can_moderate", "name": "Can moderate comments", "content_type": 39}}, {"pk": 120, "model": "auth.permission", "fields": {"codename": "change_comment", "name": "Can change comment", "content_type": 39}}, {"pk": 121, "model": "auth.permission", "fields": {"codename": "delete_comment", "name": "Can delete comment", "content_type": 39}}, {"pk": 123, "model": "auth.permission", "fields": {"codename": "add_commentflag", "name": "Can add comment flag", "content_type": 40}}, {"pk": 124, "model": "auth.permission", "fields": {"codename": "change_commentflag", "name": "Can change comment flag", "content_type": 40}}, {"pk": 125, "model": "auth.permission", "fields": {"codename": "delete_commentflag", "name": "Can delete comment flag", "content_type": 40}}, {"pk": 40, "model": "auth.permission", "fields": {"codename": "add_contenttype", "name": "Can add content type", "content_type": 14}}, {"pk": 41, "model": "auth.permission", "fields": {"codename": "change_contenttype", "name": "Can change content type", "content_type": 14}}, {"pk": 42, "model": "auth.permission", "fields": {"codename": "delete_contenttype", "name": "Can delete content type", "content_type": 14}}, {"pk": 89, "model": "auth.permission", "fields": {"codename": "add_source", "name": "Can add source", "content_type": 29}}, {"pk": 90, "model": "auth.permission", "fields": {"codename": "change_source", "name": "Can change source", "content_type": 29}}, {"pk": 91, "model": "auth.permission", "fields": {"codename": "delete_source", "name": "Can delete source", "content_type": 29}}, {"pk": 92, "model": "auth.permission", "fields": {"codename": "add_thumbnail", "name": "Can add thumbnail", "content_type": 30}}, {"pk": 93, "model": "auth.permission", "fields": {"codename": "change_thumbnail", "name": "Can change thumbnail", "content_type": 30}}, {"pk": 94, "model": "auth.permission", "fields": {"codename": "delete_thumbnail", "name": "Can delete thumbnail", "content_type": 30}}, {"pk": 86, "model": "auth.permission", "fields": {"codename": "add_groupobjectpermission", "name": "Can add group object permission", "content_type": 28}}, {"pk": 87, "model": "auth.permission", "fields": {"codename": "change_groupobjectpermission", "name": "Can change group object permission", "content_type": 28}}, {"pk": 88, "model": "auth.permission", "fields": {"codename": "delete_groupobjectpermission", "name": "Can delete group object permission", "content_type": 28}}, {"pk": 83, "model": "auth.permission", "fields": {"codename": "add_userobjectpermission", "name": "Can add user object permission", "content_type": 27}}, {"pk": 84, "model": "auth.permission", "fields": {"codename": "change_userobjectpermission", "name": "Can change user object permission", "content_type": 27}}, {"pk": 85, "model": "auth.permission", "fields": {"codename": "delete_userobjectpermission", "name": "Can delete user object permission", "content_type": 27}}, {"pk": 52, "model": "auth.permission", "fields": {"codename": "add_location", "name": "Can add location", "content_type": 18}}, {"pk": 53, "model": "auth.permission", "fields": {"codename": "change_location", "name": "Can change location", "content_type": 18}}, {"pk": 54, "model": "auth.permission", "fields": {"codename": "delete_location", "name": "Can delete location", "content_type": 18}}, {"pk": 25, "model": "auth.permission", "fields": {"codename": "add_license", "name": "Can add license", "content_type": 9}}, {"pk": 26, "model": "auth.permission", "fields": {"codename": "change_license", "name": "Can change license", "content_type": 9}}, {"pk": 27, "model": "auth.permission", "fields": {"codename": "delete_license", "name": "Can delete license", "content_type": 9}}, {"pk": 22, "model": "auth.permission", "fields": {"codename": "add_organization", "name": "Can add organization", "content_type": 8}}, {"pk": 23, "model": "auth.permission", "fields": {"codename": "change_organization", "name": "Can change organization", "content_type": 8}}, {"pk": 24, "model": "auth.permission", "fields": {"codename": "delete_organization", "name": "Can delete organization", "content_type": 8}}, {"pk": 55, "model": "auth.permission", "fields": {"codename": "add_i4pprofile", "name": "Can add i4p profile", "content_type": 19}}, {"pk": 58, "model": "auth.permission", "fields": {"codename": "add_profile", "name": "Can add profile", "content_type": 19}}, {"pk": 56, "model": "auth.permission", "fields": {"codename": "change_i4pprofile", "name": "Can change i4p profile", "content_type": 19}}, {"pk": 59, "model": "auth.permission", "fields": {"codename": "change_profile", "name": "Can change profile", "content_type": 19}}, {"pk": 57, "model": "auth.permission", "fields": {"codename": "delete_i4pprofile", "name": "Can delete i4p profile", "content_type": 19}}, {"pk": 60, "model": "auth.permission", "fields": {"codename": "delete_profile", "name": "Can delete profile", "content_type": 19}}, {"pk": 61, "model": "auth.permission", "fields": {"codename": "view_profile", "name": "Can view profile", "content_type": 19}}, {"pk": 110, "model": "auth.permission", "fields": {"codename": "add_notice", "name": "Can add notice", "content_type": 36}}, {"pk": 111, "model": "auth.permission", "fields": {"codename": "change_notice", "name": "Can change notice", "content_type": 36}}, {"pk": 112, "model": "auth.permission", "fields": {"codename": "delete_notice", "name": "Can delete notice", "content_type": 36}}, {"pk": 113, "model": "auth.permission", "fields": {"codename": "add_noticequeuebatch", "name": "Can add notice queue batch", "content_type": 37}}, {"pk": 114, "model": "auth.permission", "fields": {"codename": "change_noticequeuebatch", "name": "Can change notice queue batch", "content_type": 37}}, {"pk": 115, "model": "auth.permission", "fields": {"codename": "delete_noticequeuebatch", "name": "Can delete notice queue batch", "content_type": 37}}, {"pk": 107, "model": "auth.permission", "fields": {"codename": "add_noticesetting", "name": "Can add notice setting", "content_type": 35}}, {"pk": 108, "model": "auth.permission", "fields": {"codename": "change_noticesetting", "name": "Can change notice setting", "content_type": 35}}, {"pk": 109, "model": "auth.permission", "fields": {"codename": "delete_noticesetting", "name": "Can delete notice setting", "content_type": 35}}, {"pk": 104, "model": "auth.permission", "fields": {"codename": "add_noticetype", "name": "Can add notice type", "content_type": 34}}, {"pk": 105, "model": "auth.permission", "fields": {"codename": "change_noticetype", "name": "Can change notice type", "content_type": 34}}, {"pk": 106, "model": "auth.permission", "fields": {"codename": "delete_noticetype", "name": "Can delete notice type", "content_type": 34}}, {"pk": 116, "model": "auth.permission", "fields": {"codename": "add_observeditem", "name": "Can add observed item", "content_type": 38}}, {"pk": 117, "model": "auth.permission", "fields": {"codename": "change_observeditem", "name": "Can change observed item", "content_type": 38}}, {"pk": 118, "model": "auth.permission", "fields": {"codename": "delete_observeditem", "name": "Can delete observed item", "content_type": 38}}, {"pk": 13, "model": "auth.permission", "fields": {"codename": "add_storedoembedresponse", "name": "Can add Stored OEmbed Response", "content_type": 5}}, {"pk": 14, "model": "auth.permission", "fields": {"codename": "change_storedoembedresponse", "name": "Can change Stored OEmbed Response", "content_type": 5}}, {"pk": 15, "model": "auth.permission", "fields": {"codename": "delete_storedoembedresponse", "name": "Can delete Stored OEmbed Response", "content_type": 5}}, {"pk": 95, "model": "auth.permission", "fields": {"codename": "add_inviterequest", "name": "Can add invite request", "content_type": 31}}, {"pk": 96, "model": "auth.permission", "fields": {"codename": "change_inviterequest", "name": "Can change invite request", "content_type": 31}}, {"pk": 97, "model": "auth.permission", "fields": {"codename": "delete_inviterequest", "name": "Can delete invite request", "content_type": 31}}, {"pk": 65, "model": "auth.permission", "fields": {"codename": "add_i4pproject", "name": "Can add i4p project", "content_type": 21}}, {"pk": 66, "model": "auth.permission", "fields": {"codename": "change_i4pproject", "name": "Can change i4p project", "content_type": 21}}, {"pk": 67, "model": "auth.permission", "fields": {"codename": "delete_i4pproject", "name": "Can delete i4p project", "content_type": 21}}, {"pk": 68, "model": "auth.permission", "fields": {"codename": "add_i4pprojecttranslation", "name": "Can add i4p project translation", "content_type": 22}}, {"pk": 69, "model": "auth.permission", "fields": {"codename": "change_i4pprojecttranslation", "name": "Can change i4p project translation", "content_type": 22}}, {"pk": 70, "model": "auth.permission", "fields": {"codename": "delete_i4pprojecttranslation", "name": "Can delete i4p project translation", "content_type": 22}}, {"pk": 77, "model": "auth.permission", "fields": {"codename": "add_projectmember", "name": "Can add project member", "content_type": 25}}, {"pk": 78, "model": "auth.permission", "fields": {"codename": "change_projectmember", "name": "Can change project member", "content_type": 25}}, {"pk": 79, "model": "auth.permission", "fields": {"codename": "delete_projectmember", "name": "Can delete project member", "content_type": 25}}, {"pk": 71, "model": "auth.permission", "fields": {"codename": "add_projectpicture", "name": "Can add project picture", "content_type": 23}}, {"pk": 72, "model": "auth.permission", "fields": {"codename": "change_projectpicture", "name": "Can change project picture", "content_type": 23}}, {"pk": 73, "model": "auth.permission", "fields": {"codename": "delete_projectpicture", "name": "Can delete project picture", "content_type": 23}}, {"pk": 62, "model": "auth.permission", "fields": {"codename": "add_projectreference", "name": "Can add project reference", "content_type": 20}}, {"pk": 63, "model": "auth.permission", "fields": {"codename": "change_projectreference", "name": "Can change project reference", "content_type": 20}}, {"pk": 64, "model": "auth.permission", "fields": {"codename": "delete_projectreference", "name": "Can delete project reference", "content_type": 20}}, {"pk": 74, "model": "auth.permission", "fields": {"codename": "add_projectvideo", "name": "Can add project video", "content_type": 24}}, {"pk": 75, "model": "auth.permission", "fields": {"codename": "change_projectvideo", "name": "Can change project video", "content_type": 24}}, {"pk": 76, "model": "auth.permission", "fields": {"codename": "delete_projectvideo", "name": "Can delete project video", "content_type": 24}}, {"pk": 10, "model": "auth.permission", "fields": {"codename": "add_request", "name": "Can add request", "content_type": 4}}, {"pk": 11, "model": "auth.permission", "fields": {"codename": "change_request", "name": "Can change request", "content_type": 4}}, {"pk": 12, "model": "auth.permission", "fields": {"codename": "delete_request", "name": "Can delete request", "content_type": 4}}, {"pk": 16, "model": "auth.permission", "fields": {"codename": "add_revision", "name": "Can add revision", "content_type": 6}}, {"pk": 17, "model": "auth.permission", "fields": {"codename": "change_revision", "name": "Can change revision", "content_type": 6}}, {"pk": 18, "model": "auth.permission", "fields": {"codename": "delete_revision", "name": "Can delete revision", "content_type": 6}}, {"pk": 19, "model": "auth.permission", "fields": {"codename": "add_version", "name": "Can add version", "content_type": 7}}, {"pk": 20, "model": "auth.permission", "fields": {"codename": "change_version", "name": "Can change version", "content_type": 7}}, {"pk": 21, "model": "auth.permission", "fields": {"codename": "delete_version", "name": "Can delete version", "content_type": 7}}, {"pk": 129, "model": "auth.permission", "fields": {"codename": "add_rule", "name": "Can add rule", "content_type": 42}}, {"pk": 130, "model": "auth.permission", "fields": {"codename": "change_rule", "name": "Can change rule", "content_type": 42}}, {"pk": 131, "model": "auth.permission", "fields": {"codename": "delete_rule", "name": "Can delete rule", "content_type": 42}}, {"pk": 126, "model": "auth.permission", "fields": {"codename": "add_url", "name": "Can add url", "content_type": 41}}, {"pk": 127, "model": "auth.permission", "fields": {"codename": "change_url", "name": "Can change url", "content_type": 41}}, {"pk": 128, "model": "auth.permission", "fields": {"codename": "delete_url", "name": "Can delete url", "content_type": 41}}, {"pk": 43, "model": "auth.permission", "fields": {"codename": "add_session", "name": "Can add session", "content_type": 15}}, {"pk": 44, "model": "auth.permission", "fields": {"codename": "change_session", "name": "Can change session", "content_type": 15}}, {"pk": 45, "model": "auth.permission", "fields": {"codename": "delete_session", "name": "Can delete session", "content_type": 15}}, {"pk": 46, "model": "auth.permission", "fields": {"codename": "add_site", "name": "Can add site", "content_type": 16}}, {"pk": 47, "model": "auth.permission", "fields": {"codename": "change_site", "name": "Can change site", "content_type": 16}}, {"pk": 48, "model": "auth.permission", "fields": {"codename": "delete_site", "name": "Can delete site", "content_type": 16}}, {"pk": 1, "model": "auth.permission", "fields": {"codename": "add_migrationhistory", "name": "Can add migration history", "content_type": 1}}, {"pk": 2, "model": "auth.permission", "fields": {"codename": "change_migrationhistory", "name": "Can change migration history", "content_type": 1}}, {"pk": 3, "model": "auth.permission", "fields": {"codename": "delete_migrationhistory", "name": "Can delete migration history", "content_type": 1}}, {"pk": 4, "model": "auth.permission", "fields": {"codename": "add_tag", "name": "Can add tag", "content_type": 2}}, {"pk": 5, "model": "auth.permission", "fields": {"codename": "change_tag", "name": "Can change tag", "content_type": 2}}, {"pk": 6, "model": "auth.permission", "fields": {"codename": "delete_tag", "name": "Can delete tag", "content_type": 2}}, {"pk": 7, "model": "auth.permission", "fields": {"codename": "add_taggeditem", "name": "Can add tagged item", "content_type": 3}}, {"pk": 8, "model": "auth.permission", "fields": {"codename": "change_taggeditem", "name": "Can change tagged item", "content_type": 3}}, {"pk": 9, "model": "auth.permission", "fields": {"codename": "delete_taggeditem", "name": "Can delete tagged item", "content_type": 3}}, {"pk": 80, "model": "auth.permission", "fields": {"codename": "add_userenasignup", "name": "Can add userena registration", "content_type": 26}}, {"pk": 81, "model": "auth.permission", "fields": {"codename": "change_userenasignup", "name": "Can change userena registration", "content_type": 26}}, {"pk": 82, "model": "auth.permission", "fields": {"codename": "delete_userenasignup", "name": "Can delete userena registration", "content_type": 26}}, {"pk": 101, "model": "auth.permission", "fields": {"codename": "add_vote", "name": "Can add vote", "content_type": 33}}, {"pk": 102, "model": "auth.permission", "fields": {"codename": "change_vote", "name": "Can change vote", "content_type": 33}}, {"pk": 103, "model": "auth.permission", "fields": {"codename": "delete_vote", "name": "Can delete vote", "content_type": 33}}, {"pk": -1, "model": "auth.user", "fields": {"username": "AnonymousUser", "first_name": "", "last_name": "", "is_active": true, "is_superuser": false, "is_staff": false, "last_login": "2011-03-28 19:32:57", "groups": [], "user_permissions": [], "password": "", "email": "", "date_joined": "2011-03-28 19:32:57"}}, {"pk": 1, "model": "auth.user", "fields": {"username": "glibersat", "first_name": "Guillaume", "last_name": "Libersat", "is_active": true, "is_superuser": true, "is_staff": true, "last_login": "2011-07-26 14:06:03", "groups": [], "user_permissions": [], "password": "sha1$6114f$2d864bbd0709eec1ee75b1c56498ae7503a72e34", "email": "glibersat@sigill.org", "date_joined": "2011-03-28 19:32:54"}}, {"pk": 2, "model": "auth.user", "fields": {"username": "simon", "first_name": "", "last_name": "", "is_active": true, "is_superuser": true, "is_staff": true, "last_login": "2011-05-12 14:51:27", "groups": [], "user_permissions": [], "password": "sha1$63201$b0bdef62140b4dd2422edbb02ca00bebb946e570", "email": "simonsarazin@imaginationforpeople.org", "date_joined": "2011-03-29 00:56:32"}}, {"pk": 3, "model": "auth.user", "fields": {"username": "bobi", "first_name": "", "last_name": "", "is_active": true, "is_superuser": false, "is_staff": false, "last_login": "2011-04-22 15:44:14", "groups": [], "user_permissions": [], "password": "sha1$14e66$b435ea7c5f4b49e1cb81a899bc3a877f78aa75eb", "email": "", "date_joined": "2011-04-22 15:44:14"}}, {"pk": 4, "model": "auth.user", "fields": {"username": "80c09", "first_name": "Bob", "last_name": "", "is_active": true, "is_superuser": false, "is_staff": false, "last_login": "2011-06-14 15:19:02", "groups": [], "user_permissions": [], "password": "sha1$53505$88e40f9bddc6119cf875ccc061c994fa578a629e", "email": "boubi@com.com", "date_joined": "2011-06-14 15:18:41"}}, {"pk": 5, "model": "auth.user", "fields": {"username": "BobiCoin", "first_name": "Bobi2", "last_name": "Coin", "is_active": true, "is_superuser": false, "is_staff": false, "last_login": "2011-07-25 17:24:18", "groups": [], "user_permissions": [], "password": "sha1$7340e$8dc14f2a66456f5b8960bf51410108ba09b4f77f", "email": "plop@dk.fr", "date_joined": "2011-07-25 17:23:46"}}, {"pk": 1, "model": "project_sheet.projectreference", "fields": {"desc": "Super-ref!"}}, {"pk": 1, "model": "project_sheet.i4pproject", "fields": {"website": "", "status": "IDEA", "ip_addr": "", "created": "2011-05-30", "author": null, "references": [], "best_of": true, "objectives": [], "project_leader_info": "", "location": null}}, {"pk": 2, "model": "project_sheet.i4pproject", "fields": {"website": "", "status": "IDEA", "ip_addr": "", "created": "2011-06-09", "author": null, "references": [1], "best_of": true, "objectives": [], "project_leader_info": "", "location": 3}}, {"pk": 3, "model": "project_sheet.i4pproject", "fields": {"website": "", "status": "IDEA", "ip_addr": null, "created": "2011-06-12", "author": null, "references": [], "best_of": false, "objectives": [], "project_leader_info": null, "location": 4}}, {"pk": 4, "model": "project_sheet.i4pproject", "fields": {"website": "", "status": "IDEA", "ip_addr": "", "created": "2011-06-16", "author": null, "references": [], "best_of": true, "objectives": [], "project_leader_info": "", "location": null}}, {"pk": 1, "model": "project_sheet.i4pprojecttranslation", "fields": {"themes": "", "baseline": "Description en une ligne", "title": "Boby \u00e0 la mer", "uniqueness_section": null, "language_code": "fr", "modified": "2011-06-15", "scalability_section": null, "project": 1, "about_section": "gtr\ngtrg\nrtg\nrtg\nrt\ngrt\ngrtg\nrt\ngr\ntg\ntrg", "completion_progress": "EDIT", "value_section": null, "slug": "boby-a-la-mer"}}, {"pk": 2, "model": "project_sheet.i4pprojecttranslation", "fields": {"themes": "plop, coin, meuh, pouet, prout", "baseline": "Description en une ligne", "title": "Le titre du projet", "uniqueness_section": "plopitoo!\r\n\r\n\r\nkdkdlfkdlkf\r\nfsdfdfdfdf\r\nsd\r\nfsdfs\r\n", "language_code": "fr", "modified": "2011-06-23", "scalability_section": "", "project": 2, "about_section": ":lxkdfd fkds fks fs kf  dfdslfsddfdf lkll poooyoooo  dfdf df   \r\n\r\n\r\n\r\n\r\nfdgdg\r\ndfgfsdfsfsdf\r\n\r\ng\r\ndggdfsfsdfff\r\n\r\n!!!\r\nht\r\ntrh\r\ntrh\r\ntrh\r\nrth\r\ntrh\r\nrt\r\nhrt\r\nh\r\nrthrthhhhhhhhhhr\r\nth\r\nrth\r\nrth\r\nrt\r\nhrt\r\nhrt\r\nh\r\nrth\r\nrthrthrthrthrth\r\nLe palais de Diocl\u00e9tien (en croate : Dioklecijanova pala\u010da) est la r\u00e9sidence imp\u00e9riale fortifi\u00e9e construite par l'empereur Diocl\u00e9tien sur la c\u00f4te dalmate pour s'y retirer apr\u00e8s son abdication volontaire en 305. C'est l'un des \u00e9difices de l'Antiquit\u00e9 tardive les mieux conserv\u00e9s. Ces vestiges sont pr\u00e9serv\u00e9s dans le c\u0153ur historique de Split, en Croatie. Contrairement \u00e0 une l\u00e9gende populaire, la ville \u2014 Spalatum en latin \u2014 doit son nom \u00e0 celui de la cit\u00e9 grecque voisine d'Aspalathos \u2014 \u00ab buisson blanc \u00bb \u2014 et non au terme latin signifiant palais (palatium). L'empereur Diocl\u00e9tien y v\u00e9cut l'essentiel des derni\u00e8res ann\u00e9es de sa vie et, \u00e0 sa mort, son corps fut d\u00e9pos\u00e9 dans un sarcophage plac\u00e9 dans le mausol\u00e9e qu'il y avait fait construire.\r\n\r\nLe palais est un t\u00e9moignage exceptionnel de la mise en sc\u00e8ne architecturale de l'id\u00e9ologie t\u00e9trarchique qui ne surv\u00e9cut pas \u00e0 son fondateur. R\u00e9unissant une r\u00e9sidence de prestige, un temple dynastique et un mausol\u00e9e, c'est le prototype d'un mod\u00e8le palatial t\u00e9trarchique qui connut deux autres it\u00e9rations moins grandioses, \u00e0 Romuliana pour Gal\u00e8re et \u00e0 \u0160arkamen sans doute pour Maximin Da\u00efa...\r\n\r\n    Lire la suite\r\n\r\nEmbl\u00eame des forces canadiennes.\r\n\r\nLes Forces canadiennes (FC) (Canadian Forces en anglais) sont l'organisation militaire responsable de la d\u00e9fense du Canada et de ses int\u00e9r\u00eats. Les FC composent la majeure partie du minist\u00e8re de la D\u00e9fense nationale (MDN) dont le quartier g\u00e9n\u00e9ral (QG) est situ\u00e9 \u00e0 Ottawa en Ontario. Le principal mandat des FC est la protection du Canada et la d\u00e9fense de sa souverainet\u00e9. Elles ont aussi pour r\u00f4le de d\u00e9fendre l'Am\u00e9rique du Nord avec leur principal alli\u00e9, les \u00c9tats-Unis, ainsi que de contribuer \u00e0 la paix mondiale en effectuant des missions \u00e0 l'\u00e9tranger. Avec 88 000 membres actifs, civils et militaires, l\u2019organisation est le plus important employeur public au Canada.\r\n\r\nCr\u00e9\u00e9e le 1er f\u00e9vrier 1968 lors de l'unification de la Marine royale canadienne, l\u2019Arm\u00e9e canadienne et l\u2019Aviation royale du Canada qui \u00e9taient jusque-l\u00e0 des structures distinctes, l\u2019organisation est r\u00e9gie par la Loi sur la d\u00e9fense nationale qui dispose entre autres que \u00ab les Forces canadiennes sont les forces arm\u00e9es de Sa Majest\u00e9 soulev\u00e9es par le Canada et compos\u00e9es d'un service appel\u00e9 les Forces arm\u00e9es canadiennes \u00bb. En effet, les Forces canadiennes comprennent les forces a\u00e9rienne, maritime et terrestre sous la m\u00eame structure contrairement aux forces traditionnelles...\r\n\r\n    Lire la suite\r\n", "completion_progress": "FULL", "value_section": "656\r\n\r\nll", "slug": "le-titre-du-projet"}}, {"pk": 3, "model": "project_sheet.i4pprojecttranslation", "fields": {"themes": "", "baseline": "Description en une ligne", "title": "Youpi", "uniqueness_section": "", "language_code": "fr", "modified": "2011-06-23", "scalability_section": "", "project": 3, "about_section": "", "completion_progress": "FULL", "value_section": "", "slug": "youpi"}}, {"pk": 4, "model": "project_sheet.i4pprojecttranslation", "fields": {"themes": "", "baseline": "yeah yeah roxor", "title": "project_test2", "uniqueness_section": "erfreferf", "language_code": "fr", "modified": "2011-07-25", "scalability_section": "", "project": 4, "about_section": "", "completion_progress": "EDIT", "value_section": "", "slug": "project_test2"}}, {"pk": 5, "model": "project_sheet.i4pprojecttranslation", "fields": {"themes": "", "baseline": "Description en une ligne", "title": "Boby a la playa", "uniqueness_section": null, "language_code": "es", "modified": "2011-07-25", "scalability_section": null, "project": 1, "about_section": null, "completion_progress": "EDIT", "value_section": null, "slug": "boby-a-la-playa"}}, {"pk": 6, "model": "project_sheet.i4pprojecttranslation", "fields": {"themes": "", "baseline": "Description en une ligne", "title": "Boby \u00e0 la mer", "uniqueness_section": null, "language_code": "zh", "modified": "2011-07-26", "scalability_section": null, "project": 1, "about_section": null, "completion_progress": "EDIT", "value_section": null, "slug": "boby-a-la-mer"}}, {"pk": 1, "model": "project_sheet.projectpicture", "fields": {"original_image": "uploads/projects/2/pictures/1b3a0a84-dbdb-4ab2-a9b0-73356c9aca17.jpg", "name": "", "license": null, "author": "", "created": "2011-06-10", "project": 2, "source": "", "desc": ""}}, {"pk": 2, "model": "project_sheet.projectpicture", "fields": {"original_image": "uploads/projects/1/pictures/126fa1ba-b075-4b03-8349-67d0096547b7.jpg", "name": "", "license": null, "author": "", "created": "2011-06-15", "project": 1, "source": "", "desc": ""}}, {"pk": 3, "model": "project_sheet.projectpicture", "fields": {"original_image": "uploads/projects/4/pictures/0b110e1e-106e-4143-9692-c3ff0c2fdd37.png", "name": "", "license": null, "author": "", "created": "2011-06-16", "project": 4, "source": "", "desc": ""}}, {"pk": 1, "model": "project_sheet.projectvideo", "fields": {"project": 2, "video_url": "http://www.youtube.com/watch?v=W2vFX-YwH40"}}, {"pk": 3, "model": "project_sheet.projectvideo", "fields": {"project": 4, "video_url": "http://www.youtube.com/watch?v=zrIuiV2QMvk&feature=featured"}}, {"pk": 1, "model": "project_sheet.projectmember", "fields": {"project": 3, "comment": "sdqdsd", "role": "Bobi", "user": 1}}, {"pk": 2, "model": "project_sheet.projectmember", "fields": {"project": 2, "comment": "", "role": "Bobi!", "user": 1}}, {"pk": 1, "model": "i4p_base.location", "fields": {"lat": null, "country": "", "lon": null, "address": ""}}, {"pk": 2, "model": "i4p_base.location", "fields": {"lat": null, "country": "VE", "lon": null, "address": "fefgrg"}}, {"pk": 3, "model": "i4p_base.location", "fields": {"lat": null, "country": "", "lon": null, "address": ""}}, {"pk": 4, "model": "i4p_base.location", "fields": {"lat": null, "country": "", "lon": null, "address": ""}}, {"pk": 1, "model": "member.i4pprofile", "fields": {"website": "http://spreadband.com/", "about": "Je n'aime pas parler de moi, mais puisque \u00e7a vous int\u00e9resse, je vais vous raconter ma vie au quotidien depuis ma naissance : Lorem Ipsum is simply dummy text of the printing and typesetting industry. Lorem Ipsum has been the industry's standard dummy text ever since the 1500s, when an unknown printer took a galley of type and scrambled it to make a type specimen book. It has survived not only five centuries, but also the leap into electronic typesetting, remaining essentially unchanged. It was popularised in the 1960s with the release of Letraset sheets containing Lorem Ipsum passages, and more recently with desktop publishing software like Aldus PageMaker including versions of Lorem Ipsum.", "language": "fr", "privacy": "registered", "gender": "M", "twitter": "http://twitter.com/glibersat", "linkedin": "http://linkedin.com/", "birthday": null, "facebook": "http://facebook.com/", "user": 1, "mugshot": "", "address": "Here and htere", "motto": "Les balles se perdent dans l'Histoire, mais les \u00e9crits restent", "country": "FR", "location": null}}, {"pk": 2, "model": "member.i4pprofile", "fields": {"website": "", "about": "", "language": "en", "privacy": "registered", "gender": "M", "twitter": "", "linkedin": "", "birthday": null, "facebook": "", "user": 3, "mugshot": "", "address": "", "motto": "", "country": "", "location": null}}, {"pk": 3, "model": "member.i4pprofile", "fields": {"website": "", "about": "", "language": "en", "privacy": "registered", "gender": null, "twitter": "", "linkedin": "", "birthday": null, "facebook": "", "user": 4, "mugshot": "mugshots/edf9d88511.png", "address": "", "motto": "", "country": "", "location": null}}, {"pk": 4, "model": "member.i4pprofile", "fields": {"website": "", "about": "", "language": "en", "privacy": "registered", "gender": null, "twitter": "", "linkedin": "", "birthday": null, "facebook": "", "user": 5, "mugshot": "", "address": "", "motto": "", "country": "", "location": null}}, {"pk": 1, "model": "guardian.userobjectpermission", "fields": {"object_pk": "3", "user": 4, "content_type": 19, "permission": 59}}, {"pk": 2, "model": "guardian.userobjectpermission", "fields": {"object_pk": "4", "user": 4, "content_type": 12, "permission": 35}}, {"pk": 3, "model": "guardian.userobjectpermission", "fields": {"object_pk": "3", "user": 4, "content_type": 19, "permission": 61}}, {"pk": 4, "model": "guardian.userobjectpermission", "fields": {"object_pk": "4", "user": 4, "content_type": 12, "permission": 36}}, {"pk": 5, "model": "guardian.userobjectpermission", "fields": {"object_pk": "4", "user": 5, "content_type": 19, "permission": 61}}, {"pk": 6, "model": "guardian.userobjectpermission", "fields": {"object_pk": "4", "user": 5, "content_type": 19, "permission": 59}}, {"pk": 7, "model": "guardian.userobjectpermission", "fields": {"object_pk": "5", "user": 5, "content_type": 12, "permission": 35}}, {"pk": 8, "model": "guardian.userobjectpermission", "fields": {"object_pk": "5", "user": 5, "content_type": 12, "permission": 36}}]
